<annotation>
	<folder>images</folder>
	<filename>images (61).jpg</filename>
	<path>C:\Users\turkostanih\Desktop\images\images (61).jpg</path>
	<source>
		<database>Unknown</database>
	</source>
	<size>
		<width>203</width>
		<height>248</height>
		<depth>3</depth>
	</size>
	<segmented>0</segmented>
	<object>
		<name>KingSalman</name>
		<pose>Unspecified</pose>
		<truncated>0</truncated>
		<difficult>0</difficult>
		<bndbox>
			<xmin>52</xmin>
			<ymin>47</ymin>
			<xmax>165</xmax>
			<ymax>191</ymax>
		</bndbox>
	</object>
</annotation>
