<annotation>
	<folder>images</folder>
	<filename>images (70).jpg</filename>
	<path>C:\Users\turkostanih\Desktop\images\images (70).jpg</path>
	<source>
		<database>Unknown</database>
	</source>
	<size>
		<width>275</width>
		<height>183</height>
		<depth>3</depth>
	</size>
	<segmented>0</segmented>
	<object>
		<name>KingSalman</name>
		<pose>Unspecified</pose>
		<truncated>0</truncated>
		<difficult>0</difficult>
		<bndbox>
			<xmin>152</xmin>
			<ymin>27</ymin>
			<xmax>207</xmax>
			<ymax>83</ymax>
		</bndbox>
	</object>
</annotation>
