<annotation>
	<folder>images</folder>
	<filename>images (28).jpg</filename>
	<path>C:\Users\turkostanih\Desktop\images\images (28).jpg</path>
	<source>
		<database>Unknown</database>
	</source>
	<size>
		<width>288</width>
		<height>175</height>
		<depth>3</depth>
	</size>
	<segmented>0</segmented>
	<object>
		<name>KingSalman</name>
		<pose>Unspecified</pose>
		<truncated>0</truncated>
		<difficult>0</difficult>
		<bndbox>
			<xmin>96</xmin>
			<ymin>41</ymin>
			<xmax>188</xmax>
			<ymax>158</ymax>
		</bndbox>
	</object>
</annotation>
