<annotation>
	<folder>images</folder>
	<filename>images - 2019-11-06T083434.853.jpg</filename>
	<path>C:\Users\turkostanih\Desktop\images\images - 2019-11-06T083434.853.jpg</path>
	<source>
		<database>Unknown</database>
	</source>
	<size>
		<width>244</width>
		<height>206</height>
		<depth>3</depth>
	</size>
	<segmented>0</segmented>
	<object>
		<name>KingSalman</name>
		<pose>Unspecified</pose>
		<truncated>0</truncated>
		<difficult>0</difficult>
		<bndbox>
			<xmin>69</xmin>
			<ymin>63</ymin>
			<xmax>93</xmax>
			<ymax>92</ymax>
		</bndbox>
	</object>
</annotation>
