<annotation>
	<folder>images</folder>
	<filename>images - 2019-11-06T083453.867.jpg</filename>
	<path>C:\Users\turkostanih\Desktop\kingsalman\train\images\images - 2019-11-06T083453.867.jpg</path>
	<source>
		<database>Unknown</database>
	</source>
	<size>
		<width>300</width>
		<height>168</height>
		<depth>3</depth>
	</size>
	<segmented>0</segmented>
	<object>
		<name>person</name>
		<pose>Unspecified</pose>
		<truncated>0</truncated>
		<difficult>0</difficult>
		<bndbox>
			<xmin>43</xmin>
			<ymin>44</ymin>
			<xmax>87</xmax>
			<ymax>102</ymax>
		</bndbox>
	</object>
</annotation>
