<annotation>
	<folder>images</folder>
	<filename>images - 2019-11-06T083449.612.jpg</filename>
	<path>C:\Users\turkostanih\Desktop\kingsalman\train\images\images - 2019-11-06T083449.612.jpg</path>
	<source>
		<database>Unknown</database>
	</source>
	<size>
		<width>244</width>
		<height>206</height>
		<depth>3</depth>
	</size>
	<segmented>0</segmented>
	<object>
		<name>KingSalman</name>
		<pose>Unspecified</pose>
		<truncated>0</truncated>
		<difficult>0</difficult>
		<bndbox>
			<xmin>67</xmin>
			<ymin>37</ymin>
			<xmax>87</xmax>
			<ymax>71</ymax>
		</bndbox>
	</object>
</annotation>
