<annotation>
	<folder>images</folder>
	<filename>images - 2019-11-06T083436.585.jpg</filename>
	<path>C:\Users\turkostanih\Desktop\images\images - 2019-11-06T083436.585.jpg</path>
	<source>
		<database>Unknown</database>
	</source>
	<size>
		<width>243</width>
		<height>208</height>
		<depth>3</depth>
	</size>
	<segmented>0</segmented>
	<object>
		<name>KingSalman</name>
		<pose>Unspecified</pose>
		<truncated>0</truncated>
		<difficult>0</difficult>
		<bndbox>
			<xmin>128</xmin>
			<ymin>35</ymin>
			<xmax>157</xmax>
			<ymax>70</ymax>
		</bndbox>
	</object>
</annotation>
