<annotation>
	<folder>images</folder>
	<filename>images (44).jpg</filename>
	<path>C:\Users\turkostanih\Desktop\images\images (44).jpg</path>
	<source>
		<database>Unknown</database>
	</source>
	<size>
		<width>260</width>
		<height>194</height>
		<depth>3</depth>
	</size>
	<segmented>0</segmented>
	<object>
		<name>KingSalman</name>
		<pose>Unspecified</pose>
		<truncated>0</truncated>
		<difficult>0</difficult>
		<bndbox>
			<xmin>124</xmin>
			<ymin>19</ymin>
			<xmax>186</xmax>
			<ymax>114</ymax>
		</bndbox>
	</object>
</annotation>
