<annotation>
	<folder>images</folder>
	<filename>images (60).jpg</filename>
	<path>C:\Users\turkostanih\Desktop\images\images (60).jpg</path>
	<source>
		<database>Unknown</database>
	</source>
	<size>
		<width>161</width>
		<height>313</height>
		<depth>3</depth>
	</size>
	<segmented>0</segmented>
	<object>
		<name>KingSalman</name>
		<pose>Unspecified</pose>
		<truncated>0</truncated>
		<difficult>0</difficult>
		<bndbox>
			<xmin>63</xmin>
			<ymin>105</ymin>
			<xmax>100</xmax>
			<ymax>153</ymax>
		</bndbox>
	</object>
</annotation>
