<annotation>
	<folder>images</folder>
	<filename>images - 2019-11-06T083443.144.jpg</filename>
	<path>C:\Users\turkostanih\Desktop\images\images - 2019-11-06T083443.144.jpg</path>
	<source>
		<database>Unknown</database>
	</source>
	<size>
		<width>293</width>
		<height>172</height>
		<depth>3</depth>
	</size>
	<segmented>0</segmented>
	<object>
		<name>KingSalman</name>
		<pose>Unspecified</pose>
		<truncated>0</truncated>
		<difficult>0</difficult>
		<bndbox>
			<xmin>129</xmin>
			<ymin>82</ymin>
			<xmax>188</xmax>
			<ymax>164</ymax>
		</bndbox>
	</object>
</annotation>
