<annotation>
	<folder>images</folder>
	<filename>images (17).jpg</filename>
	<path>C:\Users\turkostanih\Desktop\images\images (17).jpg</path>
	<source>
		<database>Unknown</database>
	</source>
	<size>
		<width>266</width>
		<height>189</height>
		<depth>3</depth>
	</size>
	<segmented>0</segmented>
	<object>
		<name>KingSalman</name>
		<pose>Unspecified</pose>
		<truncated>0</truncated>
		<difficult>0</difficult>
		<bndbox>
			<xmin>132</xmin>
			<ymin>30</ymin>
			<xmax>157</xmax>
			<ymax>68</ymax>
		</bndbox>
	</object>
</annotation>
