<annotation>
	<folder>images</folder>
	<filename>images (58).jpg</filename>
	<path>C:\Users\turkostanih\Desktop\images\images (58).jpg</path>
	<source>
		<database>Unknown</database>
	</source>
	<size>
		<width>300</width>
		<height>168</height>
		<depth>3</depth>
	</size>
	<segmented>0</segmented>
	<object>
		<name>KingSalman</name>
		<pose>Unspecified</pose>
		<truncated>0</truncated>
		<difficult>0</difficult>
		<bndbox>
			<xmin>49</xmin>
			<ymin>37</ymin>
			<xmax>103</xmax>
			<ymax>101</ymax>
		</bndbox>
	</object>
	<object>
		<name>KingSalman</name>
		<pose>Unspecified</pose>
		<truncated>0</truncated>
		<difficult>0</difficult>
		<bndbox>
			<xmin>211</xmin>
			<ymin>23</ymin>
			<xmax>275</xmax>
			<ymax>106</ymax>
		</bndbox>
	</object>
</annotation>
