<annotation>
	<folder>images</folder>
	<filename>images (55).jpg</filename>
	<path>C:\Users\turkostanih\Desktop\images\images (55).jpg</path>
	<source>
		<database>Unknown</database>
	</source>
	<size>
		<width>318</width>
		<height>159</height>
		<depth>1</depth>
	</size>
	<segmented>0</segmented>
	<object>
		<name>KingSalman</name>
		<pose>Unspecified</pose>
		<truncated>0</truncated>
		<difficult>0</difficult>
		<bndbox>
			<xmin>179</xmin>
			<ymin>47</ymin>
			<xmax>253</xmax>
			<ymax>136</ymax>
		</bndbox>
	</object>
</annotation>
