<annotation>
	<folder>images</folder>
	<filename>images - 2019-11-06T083459.235.jpg</filename>
	<path>C:\Users\turkostanih\Desktop\images\images - 2019-11-06T083459.235.jpg</path>
	<source>
		<database>Unknown</database>
	</source>
	<size>
		<width>310</width>
		<height>163</height>
		<depth>3</depth>
	</size>
	<segmented>0</segmented>
	<object>
		<name>KingSalman</name>
		<pose>Unspecified</pose>
		<truncated>0</truncated>
		<difficult>0</difficult>
		<bndbox>
			<xmin>156</xmin>
			<ymin>16</ymin>
			<xmax>184</xmax>
			<ymax>57</ymax>
		</bndbox>
	</object>
</annotation>
