<annotation>
	<folder>images</folder>
	<filename>images - 2019-11-06T083433.848.jpg</filename>
	<path>C:\Users\turkostanih\Desktop\images\images - 2019-11-06T083433.848.jpg</path>
	<source>
		<database>Unknown</database>
	</source>
	<size>
		<width>268</width>
		<height>188</height>
		<depth>3</depth>
	</size>
	<segmented>0</segmented>
	<object>
		<name>KingSalman</name>
		<pose>Unspecified</pose>
		<truncated>0</truncated>
		<difficult>0</difficult>
		<bndbox>
			<xmin>195</xmin>
			<ymin>52</ymin>
			<xmax>251</xmax>
			<ymax>116</ymax>
		</bndbox>
	</object>
</annotation>
