<annotation>
	<folder>images</folder>
	<filename>images - 2019-11-06T083429.876.jpg</filename>
	<path>C:\Users\turkostanih\Desktop\images\images - 2019-11-06T083429.876.jpg</path>
	<source>
		<database>Unknown</database>
	</source>
	<size>
		<width>271</width>
		<height>186</height>
		<depth>3</depth>
	</size>
	<segmented>0</segmented>
	<object>
		<name>KingSalman</name>
		<pose>Unspecified</pose>
		<truncated>0</truncated>
		<difficult>0</difficult>
		<bndbox>
			<xmin>88</xmin>
			<ymin>41</ymin>
			<xmax>156</xmax>
			<ymax>150</ymax>
		</bndbox>
	</object>
</annotation>
