<annotation>
	<folder>images</folder>
	<filename>images (97).jpg</filename>
	<path>C:\Users\turkostanih\Desktop\images\images (97).jpg</path>
	<source>
		<database>Unknown</database>
	</source>
	<size>
		<width>298</width>
		<height>169</height>
		<depth>3</depth>
	</size>
	<segmented>0</segmented>
	<object>
		<name>KingSalman</name>
		<pose>Unspecified</pose>
		<truncated>0</truncated>
		<difficult>0</difficult>
		<bndbox>
			<xmin>122</xmin>
			<ymin>18</ymin>
			<xmax>172</xmax>
			<ymax>76</ymax>
		</bndbox>
	</object>
</annotation>
