<annotation>
	<folder>images</folder>
	<filename>images - 2019-11-06T083431.804.jpg</filename>
	<path>C:\Users\turkostanih\Desktop\images\images - 2019-11-06T083431.804.jpg</path>
	<source>
		<database>Unknown</database>
	</source>
	<size>
		<width>300</width>
		<height>168</height>
		<depth>3</depth>
	</size>
	<segmented>0</segmented>
	<object>
		<name>KingSalman</name>
		<pose>Unspecified</pose>
		<truncated>0</truncated>
		<difficult>0</difficult>
		<bndbox>
			<xmin>109</xmin>
			<ymin>45</ymin>
			<xmax>163</xmax>
			<ymax>118</ymax>
		</bndbox>
	</object>
</annotation>
