<annotation>
	<folder>images</folder>
	<filename>images (84).jpg</filename>
	<path>C:\Users\turkostanih\Desktop\images\images (84).jpg</path>
	<source>
		<database>Unknown</database>
	</source>
	<size>
		<width>300</width>
		<height>168</height>
		<depth>3</depth>
	</size>
	<segmented>0</segmented>
	<object>
		<name>KingSalman</name>
		<pose>Unspecified</pose>
		<truncated>0</truncated>
		<difficult>0</difficult>
		<bndbox>
			<xmin>187</xmin>
			<ymin>57</ymin>
			<xmax>243</xmax>
			<ymax>138</ymax>
		</bndbox>
	</object>
</annotation>
