<annotation>
	<folder>images</folder>
	<filename>images - 2019-11-06T083440.248.jpg</filename>
	<path>C:\Users\turkostanih\Desktop\images\images - 2019-11-06T083440.248.jpg</path>
	<source>
		<database>Unknown</database>
	</source>
	<size>
		<width>254</width>
		<height>198</height>
		<depth>3</depth>
	</size>
	<segmented>0</segmented>
	<object>
		<name>KingSalman</name>
		<pose>Unspecified</pose>
		<truncated>0</truncated>
		<difficult>0</difficult>
		<bndbox>
			<xmin>150</xmin>
			<ymin>36</ymin>
			<xmax>179</xmax>
			<ymax>69</ymax>
		</bndbox>
	</object>
</annotation>
