<annotation>
	<folder>images</folder>
	<filename>images - 2019-11-06T083444.938.jpg</filename>
	<path>C:\Users\turkostanih\Desktop\images\images - 2019-11-06T083444.938.jpg</path>
	<source>
		<database>Unknown</database>
	</source>
	<size>
		<width>290</width>
		<height>174</height>
		<depth>3</depth>
	</size>
	<segmented>0</segmented>
	<object>
		<name>KingSalman</name>
		<pose>Unspecified</pose>
		<truncated>0</truncated>
		<difficult>0</difficult>
		<bndbox>
			<xmin>71</xmin>
			<ymin>36</ymin>
			<xmax>124</xmax>
			<ymax>126</ymax>
		</bndbox>
	</object>
</annotation>
