<annotation>
	<folder>images</folder>
	<filename>images - 2019-11-06T083435.677.jpg</filename>
	<path>C:\Users\turkostanih\Desktop\images\images - 2019-11-06T083435.677.jpg</path>
	<source>
		<database>Unknown</database>
	</source>
	<size>
		<width>341</width>
		<height>148</height>
		<depth>3</depth>
	</size>
	<segmented>0</segmented>
	<object>
		<name>KingSalman</name>
		<pose>Unspecified</pose>
		<truncated>0</truncated>
		<difficult>0</difficult>
		<bndbox>
			<xmin>127</xmin>
			<ymin>38</ymin>
			<xmax>210</xmax>
			<ymax>141</ymax>
		</bndbox>
	</object>
</annotation>
