<annotation>
	<folder>images</folder>
	<filename>images (96).jpg</filename>
	<path>C:\Users\turkostanih\Desktop\images\images (96).jpg</path>
	<source>
		<database>Unknown</database>
	</source>
	<size>
		<width>182</width>
		<height>277</height>
		<depth>3</depth>
	</size>
	<segmented>0</segmented>
	<object>
		<name>KingSalman</name>
		<pose>Unspecified</pose>
		<truncated>0</truncated>
		<difficult>0</difficult>
		<bndbox>
			<xmin>47</xmin>
			<ymin>36</ymin>
			<xmax>109</xmax>
			<ymax>124</ymax>
		</bndbox>
	</object>
</annotation>
