<annotation>
	<folder>images</folder>
	<filename>images - 2019-11-06T083452.227.jpg</filename>
	<path>C:\Users\turkostanih\Desktop\images\images - 2019-11-06T083452.227.jpg</path>
	<source>
		<database>Unknown</database>
	</source>
	<size>
		<width>289</width>
		<height>175</height>
		<depth>3</depth>
	</size>
	<segmented>0</segmented>
	<object>
		<name>KingSalman</name>
		<pose>Unspecified</pose>
		<truncated>0</truncated>
		<difficult>0</difficult>
		<bndbox>
			<xmin>94</xmin>
			<ymin>32</ymin>
			<xmax>109</xmax>
			<ymax>83</ymax>
		</bndbox>
	</object>
</annotation>
