<annotation>
	<folder>images</folder>
	<filename>images (65).jpg</filename>
	<path>C:\Users\turkostanih\Desktop\images\images (65).jpg</path>
	<source>
		<database>Unknown</database>
	</source>
	<size>
		<width>206</width>
		<height>245</height>
		<depth>3</depth>
	</size>
	<segmented>0</segmented>
	<object>
		<name>KingSalman</name>
		<pose>Unspecified</pose>
		<truncated>0</truncated>
		<difficult>0</difficult>
		<bndbox>
			<xmin>38</xmin>
			<ymin>61</ymin>
			<xmax>149</xmax>
			<ymax>191</ymax>
		</bndbox>
	</object>
</annotation>
