<annotation>
	<folder>images</folder>
	<filename>images - 2019-11-06T083451.502.jpg</filename>
	<path>C:\Users\turkostanih\Desktop\images\images - 2019-11-06T083451.502.jpg</path>
	<source>
		<database>Unknown</database>
	</source>
	<size>
		<width>260</width>
		<height>194</height>
		<depth>3</depth>
	</size>
	<segmented>0</segmented>
	<object>
		<name>KingSalman</name>
		<pose>Unspecified</pose>
		<truncated>0</truncated>
		<difficult>0</difficult>
		<bndbox>
			<xmin>56</xmin>
			<ymin>42</ymin>
			<xmax>99</xmax>
			<ymax>104</ymax>
		</bndbox>
	</object>
</annotation>
