<annotation>
	<folder>images</folder>
	<filename>images (16).jpg</filename>
	<path>C:\Users\turkostanih\Desktop\images\images (16).jpg</path>
	<source>
		<database>Unknown</database>
	</source>
	<size>
		<width>300</width>
		<height>168</height>
		<depth>3</depth>
	</size>
	<segmented>0</segmented>
	<object>
		<name>KingSalman</name>
		<pose>Unspecified</pose>
		<truncated>0</truncated>
		<difficult>0</difficult>
		<bndbox>
			<xmin>94</xmin>
			<ymin>15</ymin>
			<xmax>133</xmax>
			<ymax>62</ymax>
		</bndbox>
	</object>
	<object>
		<name>KingSalman</name>
		<pose>Unspecified</pose>
		<truncated>0</truncated>
		<difficult>0</difficult>
		<bndbox>
			<xmin>232</xmin>
			<ymin>5</ymin>
			<xmax>271</xmax>
			<ymax>51</ymax>
		</bndbox>
	</object>
</annotation>
