<annotation>
	<folder>images</folder>
	<filename>images (69).jpg</filename>
	<path>C:\Users\turkostanih\Desktop\images\images (69).jpg</path>
	<source>
		<database>Unknown</database>
	</source>
	<size>
		<width>300</width>
		<height>168</height>
		<depth>3</depth>
	</size>
	<segmented>0</segmented>
	<object>
		<name>KingSalman</name>
		<pose>Unspecified</pose>
		<truncated>0</truncated>
		<difficult>0</difficult>
		<bndbox>
			<xmin>159</xmin>
			<ymin>21</ymin>
			<xmax>208</xmax>
			<ymax>89</ymax>
		</bndbox>
	</object>
</annotation>
