<annotation>
	<folder>images</folder>
	<filename>images (72).jpg</filename>
	<path>C:\Users\turkostanih\Desktop\images\images (72).jpg</path>
	<source>
		<database>Unknown</database>
	</source>
	<size>
		<width>284</width>
		<height>177</height>
		<depth>3</depth>
	</size>
	<segmented>0</segmented>
	<object>
		<name>KingSalman</name>
		<pose>Unspecified</pose>
		<truncated>0</truncated>
		<difficult>0</difficult>
		<bndbox>
			<xmin>96</xmin>
			<ymin>22</ymin>
			<xmax>138</xmax>
			<ymax>80</ymax>
		</bndbox>
	</object>
</annotation>
