<annotation>
	<folder>images</folder>
	<filename>images (27).jpg</filename>
	<path>C:\Users\turkostanih\Desktop\images\images (27).jpg</path>
	<source>
		<database>Unknown</database>
	</source>
	<size>
		<width>297</width>
		<height>170</height>
		<depth>3</depth>
	</size>
	<segmented>0</segmented>
	<object>
		<name>KingSalman</name>
		<pose>Unspecified</pose>
		<truncated>0</truncated>
		<difficult>0</difficult>
		<bndbox>
			<xmin>167</xmin>
			<ymin>30</ymin>
			<xmax>220</xmax>
			<ymax>96</ymax>
		</bndbox>
	</object>
</annotation>
