<annotation>
	<folder>images</folder>
	<filename>images - 2019-11-06T083442.039.jpg</filename>
	<path>C:\Users\turkostanih\Desktop\images\images - 2019-11-06T083442.039.jpg</path>
	<source>
		<database>Unknown</database>
	</source>
	<size>
		<width>275</width>
		<height>183</height>
		<depth>3</depth>
	</size>
	<segmented>0</segmented>
	<object>
		<name>KingSalman</name>
		<pose>Unspecified</pose>
		<truncated>0</truncated>
		<difficult>0</difficult>
		<bndbox>
			<xmin>105</xmin>
			<ymin>47</ymin>
			<xmax>133</xmax>
			<ymax>83</ymax>
		</bndbox>
	</object>
</annotation>
