<annotation>
	<folder>images</folder>
	<filename>images (42).jpg</filename>
	<path>C:\Users\turkostanih\Desktop\images\images (42).jpg</path>
	<source>
		<database>Unknown</database>
	</source>
	<size>
		<width>310</width>
		<height>162</height>
		<depth>3</depth>
	</size>
	<segmented>0</segmented>
	<object>
		<name>KingSalman</name>
		<pose>Unspecified</pose>
		<truncated>0</truncated>
		<difficult>0</difficult>
		<bndbox>
			<xmin>115</xmin>
			<ymin>33</ymin>
			<xmax>143</xmax>
			<ymax>71</ymax>
		</bndbox>
	</object>
</annotation>
