<annotation>
	<folder>images</folder>
	<filename>images (89).jpg</filename>
	<path>C:\Users\turkostanih\Desktop\images\images (89).jpg</path>
	<source>
		<database>Unknown</database>
	</source>
	<size>
		<width>308</width>
		<height>164</height>
		<depth>3</depth>
	</size>
	<segmented>0</segmented>
	<object>
		<name>KingSalman</name>
		<pose>Unspecified</pose>
		<truncated>0</truncated>
		<difficult>0</difficult>
		<bndbox>
			<xmin>248</xmin>
			<ymin>42</ymin>
			<xmax>274</xmax>
			<ymax>85</ymax>
		</bndbox>
	</object>
</annotation>
