<annotation>
	<folder>images</folder>
	<filename>images (24).jpg</filename>
	<path>C:\Users\turkostanih\Desktop\images\images (24).jpg</path>
	<source>
		<database>Unknown</database>
	</source>
	<size>
		<width>225</width>
		<height>225</height>
		<depth>3</depth>
	</size>
	<segmented>0</segmented>
	<object>
		<name>KingSalman</name>
		<pose>Unspecified</pose>
		<truncated>0</truncated>
		<difficult>0</difficult>
		<bndbox>
			<xmin>93</xmin>
			<ymin>52</ymin>
			<xmax>145</xmax>
			<ymax>126</ymax>
		</bndbox>
	</object>
</annotation>
