<annotation>
	<folder>images</folder>
	<filename>images (31).jpg</filename>
	<path>C:\Users\turkostanih\Desktop\images\images (31).jpg</path>
	<source>
		<database>Unknown</database>
	</source>
	<size>
		<width>182</width>
		<height>277</height>
		<depth>3</depth>
	</size>
	<segmented>0</segmented>
	<object>
		<name>KingSalman</name>
		<pose>Unspecified</pose>
		<truncated>0</truncated>
		<difficult>0</difficult>
		<bndbox>
			<xmin>40</xmin>
			<ymin>40</ymin>
			<xmax>112</xmax>
			<ymax>130</ymax>
		</bndbox>
	</object>
</annotation>
