<annotation>
	<folder>images</folder>
	<filename>images - 2019-11-06T083453.174.jpg</filename>
	<path>C:\Users\turkostanih\Desktop\images\images - 2019-11-06T083453.174.jpg</path>
	<source>
		<database>Unknown</database>
	</source>
	<size>
		<width>232</width>
		<height>218</height>
		<depth>3</depth>
	</size>
	<segmented>0</segmented>
	<object>
		<name>KingSalman</name>
		<pose>Unspecified</pose>
		<truncated>0</truncated>
		<difficult>0</difficult>
		<bndbox>
			<xmin>68</xmin>
			<ymin>34</ymin>
			<xmax>150</xmax>
			<ymax>136</ymax>
		</bndbox>
	</object>
</annotation>
