<annotation>
	<folder>images</folder>
	<filename>images (20).jpg</filename>
	<path>C:\Users\turkostanih\Desktop\images\images (20).jpg</path>
	<source>
		<database>Unknown</database>
	</source>
	<size>
		<width>169</width>
		<height>299</height>
		<depth>3</depth>
	</size>
	<segmented>0</segmented>
	<object>
		<name>KingSalman</name>
		<pose>Unspecified</pose>
		<truncated>0</truncated>
		<difficult>0</difficult>
		<bndbox>
			<xmin>36</xmin>
			<ymin>69</ymin>
			<xmax>122</xmax>
			<ymax>168</ymax>
		</bndbox>
	</object>
</annotation>
