<annotation>
	<folder>images</folder>
	<filename>images (83).jpg</filename>
	<path>C:\Users\turkostanih\Desktop\images\images (83).jpg</path>
	<source>
		<database>Unknown</database>
	</source>
	<size>
		<width>300</width>
		<height>168</height>
		<depth>3</depth>
	</size>
	<segmented>0</segmented>
	<object>
		<name>KingSalman</name>
		<pose>Unspecified</pose>
		<truncated>0</truncated>
		<difficult>0</difficult>
		<bndbox>
			<xmin>146</xmin>
			<ymin>17</ymin>
			<xmax>196</xmax>
			<ymax>81</ymax>
		</bndbox>
	</object>
</annotation>
