<annotation>
	<folder>images</folder>
	<filename>images (36).jpg</filename>
	<path>C:\Users\turkostanih\Desktop\images\images (36).jpg</path>
	<source>
		<database>Unknown</database>
	</source>
	<size>
		<width>290</width>
		<height>174</height>
		<depth>3</depth>
	</size>
	<segmented>0</segmented>
	<object>
		<name>KingSalman</name>
		<pose>Unspecified</pose>
		<truncated>0</truncated>
		<difficult>0</difficult>
		<bndbox>
			<xmin>141</xmin>
			<ymin>38</ymin>
			<xmax>193</xmax>
			<ymax>115</ymax>
		</bndbox>
	</object>
</annotation>
