<annotation>
	<folder>images</folder>
	<filename>images (3).jpg</filename>
	<path>C:\Users\turkostanih\Desktop\images\images (3).jpg</path>
	<source>
		<database>Unknown</database>
	</source>
	<size>
		<width>186</width>
		<height>271</height>
		<depth>3</depth>
	</size>
	<segmented>0</segmented>
	<object>
		<name>KingSalman</name>
		<pose>Unspecified</pose>
		<truncated>0</truncated>
		<difficult>0</difficult>
		<bndbox>
			<xmin>61</xmin>
			<ymin>55</ymin>
			<xmax>107</xmax>
			<ymax>122</ymax>
		</bndbox>
	</object>
</annotation>
