<annotation>
	<folder>images</folder>
	<filename>images (48).jpg</filename>
	<path>C:\Users\turkostanih\Desktop\images\images (48).jpg</path>
	<source>
		<database>Unknown</database>
	</source>
	<size>
		<width>275</width>
		<height>183</height>
		<depth>3</depth>
	</size>
	<segmented>0</segmented>
	<object>
		<name>KingSalman</name>
		<pose>Unspecified</pose>
		<truncated>0</truncated>
		<difficult>0</difficult>
		<bndbox>
			<xmin>106</xmin>
			<ymin>86</ymin>
			<xmax>174</xmax>
			<ymax>171</ymax>
		</bndbox>
	</object>
</annotation>
