<annotation>
	<folder>images</folder>
	<filename>images (35).jpg</filename>
	<path>C:\Users\turkostanih\Desktop\images\images (35).jpg</path>
	<source>
		<database>Unknown</database>
	</source>
	<size>
		<width>298</width>
		<height>169</height>
		<depth>3</depth>
	</size>
	<segmented>0</segmented>
	<object>
		<name>KingSalman</name>
		<pose>Unspecified</pose>
		<truncated>0</truncated>
		<difficult>0</difficult>
		<bndbox>
			<xmin>104</xmin>
			<ymin>17</ymin>
			<xmax>206</xmax>
			<ymax>128</ymax>
		</bndbox>
	</object>
</annotation>
