<annotation>
	<folder>images</folder>
	<filename>images - 2019-11-06T083435.459.jpg</filename>
	<path>C:\Users\turkostanih\Desktop\images\images - 2019-11-06T083435.459.jpg</path>
	<source>
		<database>Unknown</database>
	</source>
	<size>
		<width>193</width>
		<height>261</height>
		<depth>3</depth>
	</size>
	<segmented>0</segmented>
	<object>
		<name>KingSalman</name>
		<pose>Unspecified</pose>
		<truncated>0</truncated>
		<difficult>0</difficult>
		<bndbox>
			<xmin>73</xmin>
			<ymin>91</ymin>
			<xmax>138</xmax>
			<ymax>191</ymax>
		</bndbox>
	</object>
</annotation>
