<annotation>
	<folder>images</folder>
	<filename>images (30).jpg</filename>
	<path>C:\Users\turkostanih\Desktop\images\images (30).jpg</path>
	<source>
		<database>Unknown</database>
	</source>
	<size>
		<width>226</width>
		<height>223</height>
		<depth>3</depth>
	</size>
	<segmented>0</segmented>
	<object>
		<name>KingSalman</name>
		<pose>Unspecified</pose>
		<truncated>0</truncated>
		<difficult>0</difficult>
		<bndbox>
			<xmin>95</xmin>
			<ymin>70</ymin>
			<xmax>135</xmax>
			<ymax>121</ymax>
		</bndbox>
	</object>
</annotation>
