<annotation verified="yes">
	<folder>images</folder>
	<filename>images (81).jpg</filename>
	<path>C:\Users\turkostanih\Desktop\images\images (81).jpg</path>
	<source>
		<database>Unknown</database>
	</source>
	<size>
		<width>300</width>
		<height>168</height>
		<depth>3</depth>
	</size>
	<segmented>0</segmented>
	<object>
		<name>KingSalman</name>
		<pose>Unspecified</pose>
		<truncated>0</truncated>
		<difficult>0</difficult>
		<bndbox>
			<xmin>94</xmin>
			<ymin>17</ymin>
			<xmax>134</xmax>
			<ymax>61</ymax>
		</bndbox>
	</object>
	<object>
		<name>KingSalman</name>
		<pose>Unspecified</pose>
		<truncated>0</truncated>
		<difficult>0</difficult>
		<bndbox>
			<xmin>233</xmin>
			<ymin>5</ymin>
			<xmax>272</xmax>
			<ymax>52</ymax>
		</bndbox>
	</object>
</annotation>
