<annotation>
	<folder>images</folder>
	<filename>images (92).jpg</filename>
	<path>C:\Users\turkostanih\Desktop\images\images (92).jpg</path>
	<source>
		<database>Unknown</database>
	</source>
	<size>
		<width>288</width>
		<height>175</height>
		<depth>3</depth>
	</size>
	<segmented>0</segmented>
	<object>
		<name>KingSalman</name>
		<pose>Unspecified</pose>
		<truncated>0</truncated>
		<difficult>0</difficult>
		<bndbox>
			<xmin>101</xmin>
			<ymin>37</ymin>
			<xmax>178</xmax>
			<ymax>154</ymax>
		</bndbox>
	</object>
</annotation>
