<annotation>
	<folder>images</folder>
	<filename>images (12).jpg</filename>
	<path>C:\Users\turkostanih\Desktop\images\images (12).jpg</path>
	<source>
		<database>Unknown</database>
	</source>
	<size>
		<width>225</width>
		<height>225</height>
		<depth>3</depth>
	</size>
	<segmented>0</segmented>
	<object>
		<name>KingSalman</name>
		<pose>Unspecified</pose>
		<truncated>0</truncated>
		<difficult>0</difficult>
		<bndbox>
			<xmin>87</xmin>
			<ymin>26</ymin>
			<xmax>127</xmax>
			<ymax>76</ymax>
		</bndbox>
	</object>
</annotation>
