<annotation>
	<folder>images</folder>
	<filename>images (56).jpg</filename>
	<path>C:\Users\turkostanih\Desktop\images\images (56).jpg</path>
	<source>
		<database>Unknown</database>
	</source>
	<size>
		<width>300</width>
		<height>168</height>
		<depth>3</depth>
	</size>
	<segmented>0</segmented>
	<object>
		<name>KingSalman</name>
		<pose>Unspecified</pose>
		<truncated>1</truncated>
		<difficult>0</difficult>
		<bndbox>
			<xmin>116</xmin>
			<ymin>1</ymin>
			<xmax>204</xmax>
			<ymax>120</ymax>
		</bndbox>
	</object>
</annotation>
