<annotation>
	<folder>images</folder>
	<filename>images (67).jpg</filename>
	<path>C:\Users\turkostanih\Desktop\images\images (67).jpg</path>
	<source>
		<database>Unknown</database>
	</source>
	<size>
		<width>306</width>
		<height>165</height>
		<depth>3</depth>
	</size>
	<segmented>0</segmented>
	<object>
		<name>KingSalman</name>
		<pose>Unspecified</pose>
		<truncated>0</truncated>
		<difficult>0</difficult>
		<bndbox>
			<xmin>56</xmin>
			<ymin>39</ymin>
			<xmax>97</xmax>
			<ymax>91</ymax>
		</bndbox>
	</object>
</annotation>
