<annotation>
	<folder>images</folder>
	<filename>images - 2019-11-06T083457.955.jpg</filename>
	<path>C:\Users\turkostanih\Desktop\images\images - 2019-11-06T083457.955.jpg</path>
	<source>
		<database>Unknown</database>
	</source>
	<size>
		<width>259</width>
		<height>194</height>
		<depth>3</depth>
	</size>
	<segmented>0</segmented>
	<object>
		<name>KingSalman</name>
		<pose>Unspecified</pose>
		<truncated>0</truncated>
		<difficult>0</difficult>
		<bndbox>
			<xmin>86</xmin>
			<ymin>64</ymin>
			<xmax>108</xmax>
			<ymax>91</ymax>
		</bndbox>
	</object>
</annotation>
