<annotation>
	<folder>images</folder>
	<filename>images - 2019-11-06T083504.675.jpg</filename>
	<path>C:\Users\turkostanih\Desktop\images\images - 2019-11-06T083504.675.jpg</path>
	<source>
		<database>Unknown</database>
	</source>
	<size>
		<width>299</width>
		<height>168</height>
		<depth>3</depth>
	</size>
	<segmented>0</segmented>
	<object>
		<name>KingSalman</name>
		<pose>Unspecified</pose>
		<truncated>0</truncated>
		<difficult>0</difficult>
		<bndbox>
			<xmin>116</xmin>
			<ymin>13</ymin>
			<xmax>131</xmax>
			<ymax>38</ymax>
		</bndbox>
	</object>
</annotation>
