<annotation>
	<folder>images</folder>
	<filename>images - 2019-11-06T083507.374.jpg</filename>
	<path>C:\Users\turkostanih\Desktop\images\images - 2019-11-06T083507.374.jpg</path>
	<source>
		<database>Unknown</database>
	</source>
	<size>
		<width>296</width>
		<height>170</height>
		<depth>3</depth>
	</size>
	<segmented>0</segmented>
	<object>
		<name>KingSalman</name>
		<pose>Unspecified</pose>
		<truncated>0</truncated>
		<difficult>0</difficult>
		<bndbox>
			<xmin>139</xmin>
			<ymin>44</ymin>
			<xmax>159</xmax>
			<ymax>67</ymax>
		</bndbox>
	</object>
</annotation>
