<annotation>
	<folder>images</folder>
	<filename>images - 2019-11-06T083453.650.jpg</filename>
	<path>C:\Users\turkostanih\Desktop\images\images - 2019-11-06T083453.650.jpg</path>
	<source>
		<database>Unknown</database>
	</source>
	<size>
		<width>269</width>
		<height>188</height>
		<depth>3</depth>
	</size>
	<segmented>0</segmented>
	<object>
		<name>KingSalman</name>
		<pose>Unspecified</pose>
		<truncated>0</truncated>
		<difficult>0</difficult>
		<bndbox>
			<xmin>63</xmin>
			<ymin>45</ymin>
			<xmax>98</xmax>
			<ymax>102</ymax>
		</bndbox>
	</object>
</annotation>
