<annotation>
	<folder>images</folder>
	<filename>images - 2019-11-06T083439.702.jpg</filename>
	<path>C:\Users\turkostanih\Desktop\images\images - 2019-11-06T083439.702.jpg</path>
	<source>
		<database>Unknown</database>
	</source>
	<size>
		<width>276</width>
		<height>183</height>
		<depth>3</depth>
	</size>
	<segmented>0</segmented>
	<object>
		<name>KingSalman</name>
		<pose>Unspecified</pose>
		<truncated>0</truncated>
		<difficult>0</difficult>
		<bndbox>
			<xmin>86</xmin>
			<ymin>57</ymin>
			<xmax>153</xmax>
			<ymax>140</ymax>
		</bndbox>
	</object>
</annotation>
