<annotation>
	<folder>images</folder>
	<filename>images (95).jpg</filename>
	<path>C:\Users\turkostanih\Desktop\images\images (95).jpg</path>
	<source>
		<database>Unknown</database>
	</source>
	<size>
		<width>226</width>
		<height>223</height>
		<depth>3</depth>
	</size>
	<segmented>0</segmented>
	<object>
		<name>KingSalman</name>
		<pose>Unspecified</pose>
		<truncated>0</truncated>
		<difficult>0</difficult>
		<bndbox>
			<xmin>98</xmin>
			<ymin>71</ymin>
			<xmax>132</xmax>
			<ymax>117</ymax>
		</bndbox>
	</object>
</annotation>
