<annotation>
	<folder>images</folder>
	<filename>images - 2019-11-06T083438.798.jpg</filename>
	<path>C:\Users\turkostanih\Desktop\images\images - 2019-11-06T083438.798.jpg</path>
	<source>
		<database>Unknown</database>
	</source>
	<size>
		<width>314</width>
		<height>160</height>
		<depth>3</depth>
	</size>
	<segmented>0</segmented>
	<object>
		<name>KingSalman</name>
		<pose>Unspecified</pose>
		<truncated>0</truncated>
		<difficult>0</difficult>
		<bndbox>
			<xmin>49</xmin>
			<ymin>52</ymin>
			<xmax>117</xmax>
			<ymax>146</ymax>
		</bndbox>
	</object>
</annotation>
