<annotation>
	<folder>images</folder>
	<filename>images - 2019-11-06T083457.370.jpg</filename>
	<path>C:\Users\turkostanih\Desktop\kingsalman\train\images\images - 2019-11-06T083457.370.jpg</path>
	<source>
		<database>Unknown</database>
	</source>
	<size>
		<width>220</width>
		<height>229</height>
		<depth>3</depth>
	</size>
	<segmented>0</segmented>
	<object>
		<name>KingSalman</name>
		<pose>Unspecified</pose>
		<truncated>0</truncated>
		<difficult>0</difficult>
		<bndbox>
			<xmin>143</xmin>
			<ymin>10</ymin>
			<xmax>185</xmax>
			<ymax>72</ymax>
		</bndbox>
	</object>
</annotation>
