<annotation>
	<folder>images</folder>
	<filename>images - 2019-11-06T083502.126.jpg</filename>
	<path>C:\Users\turkostanih\Desktop\images\images - 2019-11-06T083502.126.jpg</path>
	<source>
		<database>Unknown</database>
	</source>
	<size>
		<width>257</width>
		<height>196</height>
		<depth>3</depth>
	</size>
	<segmented>0</segmented>
	<object>
		<name>KingSalman</name>
		<pose>Unspecified</pose>
		<truncated>0</truncated>
		<difficult>0</difficult>
		<bndbox>
			<xmin>156</xmin>
			<ymin>31</ymin>
			<xmax>193</xmax>
			<ymax>66</ymax>
		</bndbox>
	</object>
</annotation>
