<annotation>
	<folder>images</folder>
	<filename>images - 2019-11-06T083506.381.jpg</filename>
	<path>C:\Users\turkostanih\Desktop\images\images - 2019-11-06T083506.381.jpg</path>
	<source>
		<database>Unknown</database>
	</source>
	<size>
		<width>272</width>
		<height>185</height>
		<depth>3</depth>
	</size>
	<segmented>0</segmented>
	<object>
		<name>KingSalman</name>
		<pose>Unspecified</pose>
		<truncated>0</truncated>
		<difficult>0</difficult>
		<bndbox>
			<xmin>187</xmin>
			<ymin>61</ymin>
			<xmax>213</xmax>
			<ymax>86</ymax>
		</bndbox>
	</object>
</annotation>
