<annotation>
	<folder>images</folder>
	<filename>images (25).jpg</filename>
	<path>C:\Users\turkostanih\Desktop\images\images (25).jpg</path>
	<source>
		<database>Unknown</database>
	</source>
	<size>
		<width>308</width>
		<height>164</height>
		<depth>3</depth>
	</size>
	<segmented>0</segmented>
	<object>
		<name>KingSalman</name>
		<pose>Unspecified</pose>
		<truncated>0</truncated>
		<difficult>0</difficult>
		<bndbox>
			<xmin>247</xmin>
			<ymin>43</ymin>
			<xmax>277</xmax>
			<ymax>83</ymax>
		</bndbox>
	</object>
</annotation>
