<annotation>
	<folder>images</folder>
	<filename>images (52).jpg</filename>
	<path>C:\Users\turkostanih\Desktop\images\images (52).jpg</path>
	<source>
		<database>Unknown</database>
	</source>
	<size>
		<width>284</width>
		<height>177</height>
		<depth>3</depth>
	</size>
	<segmented>0</segmented>
	<object>
		<name>KingSalman</name>
		<pose>Unspecified</pose>
		<truncated>0</truncated>
		<difficult>0</difficult>
		<bndbox>
			<xmin>112</xmin>
			<ymin>38</ymin>
			<xmax>196</xmax>
			<ymax>138</ymax>
		</bndbox>
	</object>
</annotation>
