<annotation>
	<folder>images</folder>
	<filename>images - 2019-11-06T083445.932.jpg</filename>
	<path>C:\Users\turkostanih\Desktop\images\images - 2019-11-06T083445.932.jpg</path>
	<source>
		<database>Unknown</database>
	</source>
	<size>
		<width>318</width>
		<height>159</height>
		<depth>3</depth>
	</size>
	<segmented>0</segmented>
	<object>
		<name>KingSalman</name>
		<pose>Unspecified</pose>
		<truncated>0</truncated>
		<difficult>0</difficult>
		<bndbox>
			<xmin>177</xmin>
			<ymin>27</ymin>
			<xmax>217</xmax>
			<ymax>73</ymax>
		</bndbox>
	</object>
</annotation>
