<annotation>
	<folder>images</folder>
	<filename>images - 2019-11-06T083500.460.jpg</filename>
	<path>C:\Users\turkostanih\Desktop\kingsalman\train\images\images - 2019-11-06T083500.460.jpg</path>
	<source>
		<database>Unknown</database>
	</source>
	<size>
		<width>318</width>
		<height>159</height>
		<depth>3</depth>
	</size>
	<segmented>0</segmented>
	<object>
		<name>KingSalman</name>
		<pose>Unspecified</pose>
		<truncated>0</truncated>
		<difficult>0</difficult>
		<bndbox>
			<xmin>169</xmin>
			<ymin>36</ymin>
			<xmax>188</xmax>
			<ymax>75</ymax>
		</bndbox>
	</object>
</annotation>
