<annotation>
	<folder>images</folder>
	<filename>images (2).jpg</filename>
	<path>C:\Users\turkostanih\Desktop\images\images (2).jpg</path>
	<source>
		<database>Unknown</database>
	</source>
	<size>
		<width>156</width>
		<height>104</height>
		<depth>3</depth>
	</size>
	<segmented>0</segmented>
	<object>
		<name>KingSalman</name>
		<pose>Unspecified</pose>
		<truncated>0</truncated>
		<difficult>0</difficult>
		<bndbox>
			<xmin>106</xmin>
			<ymin>27</ymin>
			<xmax>121</xmax>
			<ymax>50</ymax>
		</bndbox>
	</object>
</annotation>
