<annotation>
	<folder>images</folder>
	<filename>images (34).jpg</filename>
	<path>C:\Users\turkostanih\Desktop\images\images (34).jpg</path>
	<source>
		<database>Unknown</database>
	</source>
	<size>
		<width>168</width>
		<height>300</height>
		<depth>3</depth>
	</size>
	<segmented>0</segmented>
	<object>
		<name>KingSalman</name>
		<pose>Unspecified</pose>
		<truncated>0</truncated>
		<difficult>0</difficult>
		<bndbox>
			<xmin>99</xmin>
			<ymin>102</ymin>
			<xmax>127</xmax>
			<ymax>139</ymax>
		</bndbox>
	</object>
</annotation>
