<annotation>
	<folder>images</folder>
	<filename>images - 2019-11-06T083439.259.jpg</filename>
	<path>C:\Users\turkostanih\Desktop\images\images - 2019-11-06T083439.259.jpg</path>
	<source>
		<database>Unknown</database>
	</source>
	<size>
		<width>293</width>
		<height>172</height>
		<depth>3</depth>
	</size>
	<segmented>0</segmented>
	<object>
		<name>KingSalman</name>
		<pose>Unspecified</pose>
		<truncated>0</truncated>
		<difficult>0</difficult>
		<bndbox>
			<xmin>212</xmin>
			<ymin>53</ymin>
			<xmax>232</xmax>
			<ymax>79</ymax>
		</bndbox>
	</object>
</annotation>
