<annotation>
	<folder>images</folder>
	<filename>images (13).jpg</filename>
	<path>C:\Users\turkostanih\Desktop\images\images (13).jpg</path>
	<source>
		<database>Unknown</database>
	</source>
	<size>
		<width>286</width>
		<height>176</height>
		<depth>3</depth>
	</size>
	<segmented>0</segmented>
	<object>
		<name>KingSalman</name>
		<pose>Unspecified</pose>
		<truncated>0</truncated>
		<difficult>0</difficult>
		<bndbox>
			<xmin>186</xmin>
			<ymin>41</ymin>
			<xmax>236</xmax>
			<ymax>100</ymax>
		</bndbox>
	</object>
</annotation>
