<annotation>
	<folder>images</folder>
	<filename>images (86).jpg</filename>
	<path>C:\Users\turkostanih\Desktop\images\images (86).jpg</path>
	<source>
		<database>Unknown</database>
	</source>
	<size>
		<width>275</width>
		<height>183</height>
		<depth>3</depth>
	</size>
	<segmented>0</segmented>
	<object>
		<name>KingSalman</name>
		<pose>Unspecified</pose>
		<truncated>0</truncated>
		<difficult>0</difficult>
		<bndbox>
			<xmin>118</xmin>
			<ymin>40</ymin>
			<xmax>171</xmax>
			<ymax>107</ymax>
		</bndbox>
	</object>
</annotation>
