<annotation>
	<folder>images</folder>
	<filename>Z (1).jpg</filename>
	<path>C:\Users\turkostanih\Desktop\images\Z (1).jpg</path>
	<source>
		<database>Unknown</database>
	</source>
	<size>
		<width>104</width>
		<height>104</height>
		<depth>3</depth>
	</size>
	<segmented>0</segmented>
	<object>
		<name>KingSalman</name>
		<pose>Unspecified</pose>
		<truncated>0</truncated>
		<difficult>0</difficult>
		<bndbox>
			<xmin>18</xmin>
			<ymin>30</ymin>
			<xmax>79</xmax>
			<ymax>101</ymax>
		</bndbox>
	</object>
</annotation>
