<annotation>
	<folder>images</folder>
	<filename>Z (12).jpg</filename>
	<path>C:\Users\turkostanih\Desktop\kingsalman\train\images\Z (12).jpg</path>
	<source>
		<database>Unknown</database>
	</source>
	<size>
		<width>265</width>
		<height>190</height>
		<depth>3</depth>
	</size>
	<segmented>0</segmented>
	<object>
		<name>person</name>
		<pose>Unspecified</pose>
		<truncated>0</truncated>
		<difficult>0</difficult>
		<bndbox>
			<xmin>100</xmin>
			<ymin>28</ymin>
			<xmax>180</xmax>
			<ymax>115</ymax>
		</bndbox>
	</object>
</annotation>
