<annotation>
	<folder>images</folder>
	<filename>Z (16).jpg</filename>
	<path>C:\Users\turkostanih\Desktop\images\Z (16).jpg</path>
	<source>
		<database>Unknown</database>
	</source>
	<size>
		<width>221</width>
		<height>229</height>
		<depth>3</depth>
	</size>
	<segmented>0</segmented>
	<object>
		<name>KingSalman</name>
		<pose>Unspecified</pose>
		<truncated>0</truncated>
		<difficult>0</difficult>
		<bndbox>
			<xmin>48</xmin>
			<ymin>52</ymin>
			<xmax>126</xmax>
			<ymax>179</ymax>
		</bndbox>
	</object>
</annotation>
