<annotation>
	<folder>images</folder>
	<filename>Z (14).jpg</filename>
	<path>C:\Users\turkostanih\Desktop\images\Z (14).jpg</path>
	<source>
		<database>Unknown</database>
	</source>
	<size>
		<width>271</width>
		<height>186</height>
		<depth>3</depth>
	</size>
	<segmented>0</segmented>
	<object>
		<name>KingSalman</name>
		<pose>Unspecified</pose>
		<truncated>0</truncated>
		<difficult>0</difficult>
		<bndbox>
			<xmin>58</xmin>
			<ymin>16</ymin>
			<xmax>97</xmax>
			<ymax>64</ymax>
		</bndbox>
	</object>
</annotation>
