<annotation>
	<folder>images</folder>
	<filename>Z (11).jpg</filename>
	<path>C:\Users\turkostanih\Desktop\images\Z (11).jpg</path>
	<source>
		<database>Unknown</database>
	</source>
	<size>
		<width>296</width>
		<height>170</height>
		<depth>3</depth>
	</size>
	<segmented>0</segmented>
	<object>
		<name>KingSalman</name>
		<pose>Unspecified</pose>
		<truncated>0</truncated>
		<difficult>0</difficult>
		<bndbox>
			<xmin>195</xmin>
			<ymin>22</ymin>
			<xmax>243</xmax>
			<ymax>84</ymax>
		</bndbox>
	</object>
</annotation>
