<annotation>
	<folder>images</folder>
	<filename>Z (2).jpg</filename>
	<path>C:\Users\turkostanih\Desktop\kingsalman\train\images\Z (2).jpg</path>
	<source>
		<database>Unknown</database>
	</source>
	<size>
		<width>104</width>
		<height>104</height>
		<depth>3</depth>
	</size>
	<segmented>0</segmented>
	<object>
		<name>KingSalman</name>
		<pose>Unspecified</pose>
		<truncated>0</truncated>
		<difficult>0</difficult>
		<bndbox>
			<xmin>20</xmin>
			<ymin>25</ymin>
			<xmax>36</xmax>
			<ymax>45</ymax>
		</bndbox>
	</object>
</annotation>
