<annotation>
	<folder>images</folder>
	<filename>Z (6).jpg</filename>
	<path>C:\Users\turkostanih\Desktop\kingsalman\train\images\Z (6).jpg</path>
	<source>
		<database>Unknown</database>
	</source>
	<size>
		<width>308</width>
		<height>164</height>
		<depth>3</depth>
	</size>
	<segmented>0</segmented>
	<object>
		<name>person</name>
		<pose>Unspecified</pose>
		<truncated>0</truncated>
		<difficult>0</difficult>
		<bndbox>
			<xmin>124</xmin>
			<ymin>42</ymin>
			<xmax>192</xmax>
			<ymax>116</ymax>
		</bndbox>
	</object>
</annotation>
