<annotation>
	<folder>images</folder>
	<filename>Z (7).jpg</filename>
	<path>C:\Users\turkostanih\Desktop\images\Z (7).jpg</path>
	<source>
		<database>Unknown</database>
	</source>
	<size>
		<width>271</width>
		<height>186</height>
		<depth>3</depth>
	</size>
	<segmented>0</segmented>
	<object>
		<name>KingSalman</name>
		<pose>Unspecified</pose>
		<truncated>0</truncated>
		<difficult>0</difficult>
		<bndbox>
			<xmin>61</xmin>
			<ymin>10</ymin>
			<xmax>107</xmax>
			<ymax>68</ymax>
		</bndbox>
	</object>
</annotation>
