<annotation>
	<folder>images</folder>
	<filename>Z.jpg</filename>
	<path>C:\Users\turkostanih\Desktop\images\Z.jpg</path>
	<source>
		<database>Unknown</database>
	</source>
	<size>
		<width>104</width>
		<height>104</height>
		<depth>3</depth>
	</size>
	<segmented>0</segmented>
	<object>
		<name>KingSalman</name>
		<pose>Unspecified</pose>
		<truncated>0</truncated>
		<difficult>0</difficult>
		<bndbox>
			<xmin>13</xmin>
			<ymin>27</ymin>
			<xmax>82</xmax>
			<ymax>100</ymax>
		</bndbox>
	</object>
</annotation>
